A,C,M1,M2,Y
1,1,2.8799972847251785,1,0
0,0,3.363630443996412,0,0
0,0,2.6230738438595447,0,0
0,1,2.319488753004009,0,1
1,0,5.457126774698864,0,0
0,1,0.33642610864823386,0,0
1,0,4.771920523662472,0,1
1,1,4.089649103114203,1,0
0,0,1.747674930668252,0,0
0,0,2.2646524571110347,0,1
0,0,3.124634865609918,0,0
1,1,4.686242624388821,0,0
0,0,2.8532960562459366,0,0
0,0,2.3012144455049404,0,1
0,1,0.9958287614675314,0,0
1,1,3.642728746763043,0,0
0,0,2.2009771536620804,0,0
0,0,3.595315774763894,0,1
0,1,2.252999151849739,1,0
0,1,1.34974412172458,0,0
1,0,5.228025086182795,1,1
1,1,6.3304635078602445,1,0
1,1,4.752366782645813,0,1
1,1,4.254654298606135,1,0
1,0,5.717125946961152,1,1
0,1,3.2642476921902,1,0
0,0,1.47864932802284,1,0
0,0,2.573880520967105,0,0
0,0,2.3829046937724225,0,1
1,1,3.3543164814727096,1,0
0,0,5.114278225199166,0,1
0,0,3.5102830033615646,0,1
0,0,4.115799748107816,1,1
0,0,3.298932268635661,0,1
0,0,5.752864282574015,0,1
0,1,-0.010038747515180635,0,0
0,0,2.5156151970801996,1,0
1,1,3.5593787046526737,0,0
1,0,4.651206452438434,1,0
0,0,3.9145018400488154,0,1
1,1,4.090204427421759,1,0
0,1,2.650533757161131,1,0
0,0,4.042308034922783,0,1
0,0,3.2254080238462426,0,0
1,1,4.7285279300579415,1,0
0,0,2.559755720523585,0,1
0,0,2.3551221083359537,1,0
1,1,3.1137994919022103,1,1
0,0,3.0844080331098085,1,0
1,1,3.04585890743811,1,0
0,1,0.9300493798394929,0,0
1,0,5.651408742340194,1,1
1,0,4.069587750772658,0,1
0,0,3.5674287928700563,0,0
0,0,2.6778440272126782,0,0
0,0,2.4213151328917237,1,0
0,0,3.9086255721129253,0,0
1,1,4.992311092728958,0,0
1,0,5.214197794480652,1,0
0,0,4.410029592032097,0,0
1,1,2.318446332907392,1,0
0,1,3.0808376836661573,1,0
1,1,3.1961473211502835,1,0
1,1,3.769139655980977,1,0
1,1,4.358551193350712,1,0
0,1,1.3063633833550763,1,0
1,0,4.9573579592443675,1,0
0,0,2.5732566302081565,0,0
0,0,2.772310845793265,0,0
0,0,5.104499287614198,1,1
0,1,0.14333831604593983,0,0
1,1,3.7852869398760274,0,1
1,0,5.392827600607462,1,1
1,1,2.868345808686759,0,0
0,1,1.8317502936562324,0,0
0,0,3.3028769148734436,0,1
0,1,2.35918522945034,0,0
0,0,3.823009188511981,0,0
0,1,3.0969006071545397,0,0
1,1,3.6694302455420287,1,1
0,0,3.0875679189032375,0,1
1,1,2.580678610610828,1,0
0,0,2.947495778002522,0,0
0,1,0.5489271719993052,0,0
1,0,5.010873766305515,1,0
1,0,5.823422496863707,0,0
0,0,3.4132226443674742,0,0
0,0,3.091215785241814,1,1
0,0,3.807012583797134,0,1
0,0,4.0711998720624445,0,0
1,0,4.171386115934918,1,0
1,0,6.1861144710395575,1,1
0,0,2.2435778584172654,1,0
1,1,3.554474278881124,1,0
0,0,3.7257505883674398,0,1
1,1,4.1775944594582235,1,0
0,1,1.9768444830329936,0,0
0,0,3.172730879359975,1,0
0,0,4.313343363116114,1,1
0,1,2.068016945373544,1,0
0,0,3.7454720980570375,1,1
1,1,4.720070696044229,0,0
0,0,5.087698764457997,0,1
0,0,4.3833158030992845,1,1
0,1,2.704485009134088,0,0
1,1,4.719540950718385,1,0
1,1,4.168934153902768,0,0
0,0,2.8377562378072785,0,0
1,1,3.9875308562933154,1,0
0,0,3.024400105741815,1,0
0,0,2.550776183896629,0,0
0,0,2.5863667563677293,1,0
0,1,1.9365042371669265,0,1
1,1,3.6757399749883373,1,0
0,0,2.806384219298126,0,1
0,1,1.8332728911590073,1,0
0,0,3.9058529941968443,1,0
0,0,3.792343169322972,1,1
0,1,3.024638297410866,0,0
1,0,6.245064805951236,1,0
1,1,3.279530753925473,1,0
0,0,3.028871254171212,0,0
0,1,2.301338296879094,0,0
0,0,3.442235679854559,1,1
1,1,4.512722704712509,1,0
1,1,5.420225140082851,1,1
0,1,1.451068823908149,0,0
0,0,3.230782526831611,0,1
1,1,2.7830849003115454,1,0
0,0,3.4170181409405433,0,0
1,1,2.4076238053844685,0,0
0,1,2.360497861319183,0,0
1,1,5.24083885297026,1,0
1,0,5.621866100920409,1,0
1,0,3.936201310708034,1,1
0,0,2.2251465505504466,0,1
0,1,2.617026404058242,0,0
0,0,2.8876269625557542,1,1
0,0,0.8216899122961174,1,1
0,1,3.4169476087056636,0,0
0,0,3.185618057584332,0,1
0,0,1.5704544326074146,1,0
1,1,4.234404717664651,1,0
0,1,4.214497101292227,0,0
0,0,2.8534517908646615,1,0
1,0,4.838441287501988,1,0
1,1,3.358303452809972,0,0
0,0,3.6470183636849387,0,1
1,0,5.251357278163468,1,1
1,1,4.811842907891528,0,0
0,0,2.2742480773593163,0,0
1,1,4.728907569819832,1,0
0,0,1.8219944331648228,0,0
0,0,3.496469400718646,0,0
1,0,4.208119861381018,1,0
0,0,3.03839474366733,0,0
1,0,3.4413466542319173,1,0
1,0,5.097935278017198,1,1
1,1,3.9802227860463066,1,0
0,0,1.471536846302055,0,0
0,0,4.731205703551006,0,0
1,0,5.622348333225892,1,0
0,0,1.9103329699310774,0,1
0,1,0.9924873126301101,0,0
0,0,2.7509984807587182,0,0
1,1,3.432399388115828,1,1
0,0,2.9070963546634934,1,0
1,1,1.8321921568004753,1,0
1,1,5.692350300194487,1,1
0,0,2.282581037297625,0,0
1,0,6.21208700295105,1,0
0,0,2.8319770631789867,0,0
1,0,7.447812887140558,0,0
1,1,4.8589456866015475,1,0
1,0,6.062407815321972,1,1
0,1,3.195746587898476,0,0
0,0,3.083496256157807,0,1
0,0,3.1507141107756325,0,0
0,0,2.874550245224365,0,0
0,1,2.361545638077741,1,0
0,1,2.0757720063243577,0,0
0,0,3.3621024650685123,0,1
0,0,2.206334714132355,0,0
1,1,3.5834061350463062,1,0
0,1,2.5543661007966225,1,0
1,0,5.020992950295887,1,1
0,0,3.484645626739839,0,1
0,0,3.670970938588443,0,1
1,1,4.887991402127766,1,0
0,1,2.493949010465653,0,0
0,0,2.7677287973610936,0,1
1,1,3.1347727807919132,0,0
0,1,3.157857230197104,0,0
1,1,3.3073247816217792,1,0
0,0,3.0001166340612686,0,1
1,1,5.617718667715325,1,0
0,0,2.2070174618793255,0,0
1,1,3.7275371090564873,0,0
0,0,3.1184931129917484,0,1
0,0,1.2134911701300672,0,0
0,0,1.9310243761264196,0,0
0,1,3.251364850526638,0,0
1,1,4.452096311020096,1,0
1,1,4.825522268859828,1,0
1,1,4.2558083483187366,1,0
0,0,1.0471612195915367,0,1
0,0,1.9814519171156617,1,1
1,0,2.773802262310921,0,0
1,1,4.641721600703709,1,0
0,0,5.710259584872848,0,1
1,1,2.4326253142881153,1,0
0,0,4.071138705949364,0,1
0,1,3.0894757291156876,1,0
1,0,5.18672965692572,1,1
0,1,0.6294883313036419,0,0
0,0,2.1333136391140277,0,1
0,0,0.9799837625091943,0,0
0,0,2.8744371687080164,0,0
1,0,5.2175175660118205,1,0
0,0,3.8220485373348785,1,0
0,0,2.795817123623234,0,0
1,1,3.1522149655555323,1,0
0,0,2.3098837788674,0,0
1,1,3.8683717834291302,1,0
1,1,4.301389971429773,1,0
0,0,4.390970165219675,1,0
0,0,5.0464872867824235,0,1
0,0,2.992054509452435,1,1
0,0,1.9221548447298757,0,0
0,0,4.228423626024623,0,1
0,1,4.556969702314284,0,0
0,1,1.2462501944330957,1,0
0,0,2.5025451258380973,1,0
1,1,3.8796591931748945,1,0
1,1,4.022185775142184,0,1
0,1,1.3235848086150916,1,1
0,1,0.6132973217727478,1,0
1,1,4.612337080822208,1,0
0,0,2.8648235551774284,0,0
1,1,5.129083718740755,1,0
0,0,3.544329816940449,0,0
0,1,3.0201166859834947,1,0
1,1,4.062999746292713,1,1
0,0,3.701428765948186,1,1
0,0,2.2726458799558373,1,1
0,0,3.5025503610269157,0,0
1,1,5.011409822750899,1,0
0,1,3.3280186400830893,0,0
1,0,4.706389399304612,1,0
1,1,4.600354751311603,0,0
0,0,4.306732421889476,0,0
0,0,1.4443770836021979,0,0
1,0,4.64357647886148,0,1
0,0,3.585092349900024,0,1
0,0,2.717519768963951,1,1
1,0,4.346334956223326,1,1
1,1,4.442739707602212,1,0
1,1,3.5355730556240523,1,0
0,0,3.080966075643786,0,1
0,0,1.4588919871031067,0,0
0,0,2.5409556114502356,1,1
0,0,3.291488461389079,1,0
1,0,4.9110827325914554,0,1
0,1,1.9666019964462047,1,0
0,0,3.328929299525648,1,1
0,1,3.105822508986601,0,0
0,0,2.7675899994459567,0,0
0,0,2.9886893413204527,1,0
0,1,2.0861517143475012,0,0
1,1,3.5334426833724106,1,0
0,0,2.225368787753315,0,0
0,0,3.8555923852329705,0,0
0,0,1.8489472287449011,1,1
0,0,3.6055898371433313,0,1
0,0,2.800990730699134,0,1
0,0,2.6709018235466666,0,1
0,0,3.335357145482159,1,0
0,1,2.4864517387683507,0,0
1,1,2.9728178695675087,1,0
0,1,1.9750262435280306,0,0
1,1,3.5678960241803277,1,0
0,0,2.2689911479882903,0,1
0,0,0.9188303603581303,0,0
1,1,4.859447569134816,0,1
0,1,2.89887401063812,0,0
1,0,3.843205195695708,0,0
1,0,4.901516709809735,1,1
1,0,3.7836944465664706,1,1
1,0,4.6513829079277755,1,0
1,0,4.368765694289662,1,0
0,0,4.356809994610881,0,1
1,1,2.6355206723044424,1,0
0,0,1.218011172440313,1,0
1,1,3.652542987536014,1,0
0,0,2.7130516139697765,0,1
1,0,6.967984638860016,1,1
1,0,4.24297470161627,1,0
1,1,5.4778325221595825,1,1
0,0,3.507246093877531,0,1
0,0,4.655290496426046,1,0
0,0,3.280193220908288,0,0
1,0,3.3898906804103452,0,0
0,1,1.0757081391571002,1,0
0,0,3.548395284500167,0,0
0,1,1.1170525224945576,0,0
1,1,6.3935701708898875,1,0
0,0,1.1734838325280983,0,0
0,0,2.3731601406101017,1,0
0,1,2.472711379810841,0,0
0,0,3.022131301323774,0,1
0,0,2.5301353446926993,1,1
1,0,6.450006408054447,0,0
0,1,2.0774706861383967,1,0
0,0,4.078520713784094,0,1
0,0,2.581944881055824,1,1
1,0,6.043145930208297,1,1
0,0,3.2343388112255402,0,1
1,0,3.3807167307626926,0,0
0,1,0.788969844103963,1,1
0,0,4.129842066495002,0,1
0,0,3.0028719172738247,0,0
0,0,4.145731716647035,0,0
1,0,5.728496794286851,1,1
0,1,0.8819162172036787,0,0
0,0,1.8103056367478534,0,0
0,1,1.8981639990772485,1,0
0,1,2.169691445672252,0,1
1,1,3.3043644907799026,1,0
0,0,3.5110429145965436,1,1
1,0,4.785743643292939,1,1
1,1,3.243230678559381,1,0
1,1,4.255036067118506,0,1
1,1,3.3569560026257577,0,0
1,0,3.5492605456337714,1,1
0,0,4.572201430979075,0,1
0,0,1.0322917894629093,0,0
0,1,0.34243390609112767,1,0
1,1,4.829353493850213,1,0
0,0,3.263447142402161,1,1
0,0,2.432566241883953,1,0
1,1,5.940783033545438,1,0
1,0,4.6056324768591,1,1
0,1,1.8875576566040861,1,0
1,0,5.015557181200329,1,0
0,1,2.612418032700049,0,0
0,0,3.6905210460280538,0,1
0,0,4.362357967649501,0,1
0,0,2.532446294773262,0,1
1,0,4.954132094055278,1,0
1,1,3.7004012412266425,1,0
1,0,3.67111166448524,1,1
1,0,4.670765046774822,1,0
0,0,3.332739039169347,1,1
0,1,2.114593944052583,0,0
0,0,4.428078163698785,0,1
0,1,2.1986873582621573,1,0
0,1,1.0093970601915023,1,0
0,0,2.484445841268974,0,0
1,0,4.183590672150128,0,1
0,0,2.3992050513892638,0,0
0,0,2.9116195227009185,1,0
0,0,3.762356450587192,0,1
1,1,4.86394186032072,1,0
0,1,1.0869916483741582,0,0
0,0,3.420436327927671,1,1
1,1,3.9317167924607883,1,0
0,0,2.64877592877562,0,1
0,0,2.3320771779226668,0,1
0,1,1.2643207101905398,0,0
1,1,3.4681704880536617,1,0
1,1,5.043510578473403,1,0
0,0,3.9404581385638227,0,1
0,0,3.8298010169454386,0,0
1,1,1.7252879073989251,0,0
1,0,6.243605852788383,1,0
0,0,3.3037199552078254,0,0
1,0,5.8659122213555435,1,0
0,0,2.828736340063269,0,1
1,0,5.184752200110778,0,1
0,0,4.334531340973518,0,1
0,0,4.013471037295286,0,0
1,0,4.072884867123044,1,1
1,0,4.2051607819962085,1,1
1,0,5.448879295246145,1,1
1,1,4.197899224570663,1,0
0,0,2.110837194228279,0,0
0,0,2.9419135736039044,0,0
1,0,4.318527981993244,1,0
1,0,5.583874704695058,1,1
0,0,5.274703378703392,1,0
0,0,2.0923331277024486,1,0
0,1,2.443052668951275,0,0
1,1,4.420881484732993,1,0
0,0,2.7993425452307745,1,0
0,1,1.623259993424017,0,0
0,0,2.654875575719306,0,0
0,0,1.5361569944113094,0,1
0,0,1.0247010973067519,0,0
0,0,2.137873391818801,0,0
1,0,4.396364380385981,1,1
0,0,3.7464880416309603,1,0
0,1,0.8988041585554645,0,0
1,1,3.4763963302058274,0,0
0,0,4.072510854806929,0,0
1,1,4.795767677116766,1,0
0,0,3.478202825382533,1,1
1,0,6.104378205196214,0,1
0,0,5.654947295047869,1,0
0,1,1.899773417374204,0,0
0,0,3.6102816865885026,0,0
0,1,1.8709829726775689,1,0
0,0,2.816913430395907,0,0
1,1,3.1016816216225376,0,0
1,0,6.691708475527669,1,1
0,0,3.1930522059058957,1,0
1,1,5.533969110668991,1,1
0,0,3.3836431894970262,0,1
0,0,2.134377328289112,0,1
0,0,3.0178675954357015,0,1
1,0,5.647999499056253,1,0
0,1,2.2181416851066214,1,0
0,0,1.1837129489976936,1,1
1,1,4.017016409125322,1,0
1,1,3.6124448244026106,0,0
0,0,2.5863469259100724,0,0
1,0,3.6308896008469276,1,0
1,1,5.888867121196887,1,0
0,0,3.983472603338894,1,1
1,1,3.1729151089282848,1,0
0,1,1.7766952060294363,0,0
0,0,4.291836743753931,0,0
0,0,1.3746780742790823,0,0
0,0,4.57643805616815,1,1
0,0,3.3630679668852856,0,0
0,1,2.475129074675428,0,0
0,0,2.8395152687138507,0,1
1,0,5.4408547474623585,1,1
0,0,4.957967206918093,0,1
1,0,5.110178192770987,1,0
0,0,2.3132772588812127,0,1
0,1,1.477105868167095,0,0
0,0,4.0443149591861545,0,0
1,1,4.278174383094322,1,0
0,0,3.2362841422578157,1,0
0,0,2.4510459754305005,0,1
1,1,5.413055233368764,1,1
1,0,5.1305631011373185,1,1
0,0,2.19313617470453,0,0
0,0,1.2501755006701505,0,0
0,0,1.775477856337128,0,0
0,0,3.40759346128978,0,0
1,1,3.1192721015035745,0,0
0,1,-0.03095887216719806,1,0
1,1,3.159143669456832,0,0
1,0,4.852263917674723,0,0
0,0,3.5921831772319894,0,1
0,0,0.46744547498480493,1,1
0,0,2.949132593837809,1,1
1,0,5.900035899831201,1,1
1,1,3.1322718255286173,1,0
0,0,2.4230403224181556,1,0
0,0,3.200872224431761,0,1
0,0,2.007685785541694,0,0
1,0,4.085377288800462,0,0
1,1,3.8837997182008284,1,1
0,0,3.1769723093497766,0,0
1,1,4.574860774838014,1,0
0,0,3.016208742702024,0,0
0,1,2.00268652983961,0,0
1,0,5.2493870814916965,1,0
0,0,2.126010956163611,1,0
1,0,2.902440729529171,0,0
0,0,2.098267039029247,0,0
0,0,2.513371973031002,0,0
1,0,4.18156974542346,0,0
0,0,1.861970912235306,0,0
1,1,5.062592338517667,1,0
0,1,1.1689598659995992,1,0
1,1,3.6325810253704933,1,0
0,0,3.575272594818192,1,1
0,0,3.4393508406003908,1,1
1,0,4.271847818804386,1,0
1,1,3.1114703743964993,1,0
1,0,4.932894297066302,1,1
0,0,2.3071594462880696,1,1
0,1,1.8690981345922557,1,0
0,0,2.138350374937233,0,1
0,1,2.415803973333861,1,0
1,1,2.5868722509252136,1,0
0,0,2.786481154123893,1,0
1,0,5.2914306176265296,1,0
1,1,4.292820131804911,1,0
1,1,6.417832258164525,1,0
0,0,2.7706392808522846,1,0
0,0,3.1441463792673634,1,1
1,0,4.906933036207583,0,0
1,0,6.905201555695719,1,0
1,1,5.007353872773331,1,1
0,0,4.931466346252737,0,1
1,0,4.424588009672677,1,0
0,0,3.165389604973318,0,0
0,1,2.0512400214945967,0,0
1,1,2.8484360425961723,0,0
0,1,2.343912908286274,0,1
1,0,4.0115973469996336,0,1
0,0,4.053936394067145,0,1
0,0,2.7909058432168856,1,0
0,1,0.4792317850161265,1,0
1,0,4.440262757684846,1,0
0,0,3.0470110060413194,1,1
1,1,5.746120345009294,0,1
1,0,5.867553886501511,1,1
1,0,5.092654421069188,0,0
0,0,3.876130788520428,0,0
0,0,3.171808599527964,0,0
0,0,2.1101479143924475,1,1
0,0,3.4130333366306895,0,1
1,0,5.86031224494718,1,0
0,1,5.050754934723058,1,0
0,0,3.296551611821993,0,0
1,0,4.518157193127674,1,0
0,0,3.9307865165274096,0,1
1,1,4.689846662618065,0,0
0,0,4.581266267386798,0,1
0,0,3.7503671284052955,0,1
0,0,1.2905322197951654,1,0
0,0,2.939175004015527,0,1
0,1,3.2885744403287442,0,0
1,1,5.70979175846308,1,0
0,1,1.1686660862419294,1,0
0,1,1.7839758310656777,0,0
1,0,5.65516866716849,0,0
1,0,4.591089618763275,1,1
0,0,2.742730444128717,0,0
1,0,5.910168621104716,1,1
0,0,4.014130953426801,0,1
0,0,4.142119102820231,0,1
0,0,3.504778891520034,0,1
1,1,2.9906629266743616,1,0
1,1,3.8628294203874547,0,0
0,1,1.0147153384725813,0,0
0,0,2.4919664712235807,0,0
0,0,3.5752253202281925,1,1
1,0,5.165885087504977,0,1
0,0,5.210038202902211,0,1
1,0,5.263573694260016,1,0
1,1,4.409072230400433,1,0
0,0,2.9724154029859835,0,1
0,0,3.7712822189047754,0,1
1,0,6.666318801492967,0,1
0,0,3.1697052759360758,0,0
0,1,3.5241334451401123,1,0
0,0,2.9017694722284806,0,1
1,1,5.076792565791466,0,0
0,1,1.9213240002678855,1,0
1,0,4.896894253223127,1,1
0,0,0.9777104285536589,0,0
0,0,1.19911128606606,0,0
0,1,1.8788465935934253,1,0
0,0,3.7534894714182,0,0
1,0,4.957194078175451,0,1
0,0,2.1562009857188214,1,1
1,0,4.040272321698824,1,1
0,0,3.7528137769991217,0,0
1,1,2.9779688840332996,1,0
0,0,3.8354116347836182,0,0
0,1,2.69645164112935,0,0
0,0,4.49774858653304,1,1
1,0,7.461294784913401,1,0
0,0,2.7488675684064567,1,0
0,0,2.8857049505074577,1,1
0,0,4.445496919691499,0,1
0,0,2.954240651572074,0,1
1,1,2.4381336881263094,1,0
0,0,2.2321806644668047,0,0
1,1,4.387223236117898,1,0
1,1,2.7870824551484734,1,0
1,1,6.018713959588159,1,1
1,0,6.300920945323237,1,1
1,1,3.06934796696763,1,0
1,1,3.148686727560845,1,0
1,1,4.136584224680197,1,0
1,0,4.57574557657261,1,0
1,1,3.8972789590309143,1,0
1,0,5.680641512972457,1,1
1,1,3.8045832019240056,1,0
0,1,3.427281637272738,1,0
0,0,3.8668436384806535,0,1
1,1,5.022122385475986,0,0
0,0,1.8464912097815467,0,1
0,0,1.5673988253666638,1,0
0,0,2.981454817788537,0,1
0,1,3.790855581376073,1,0
0,0,4.215760888224329,0,1
0,0,3.7448381910548934,0,1
0,0,4.246529866502748,0,0
1,1,2.8913579354358783,0,0
0,0,1.5594274385175715,0,1
0,1,3.3003361792124104,0,0
0,0,2.392577342113312,1,1
1,1,3.198448988696761,1,0
1,1,4.608795015819554,1,1
1,1,3.7523853764029567,1,0
1,1,3.8781021888891667,1,0
0,0,3.3417159240572634,0,0
1,1,4.174731808727836,1,0
0,0,1.3733182911844655,0,0
0,1,1.5310570821523355,1,0
0,0,3.7244574126650827,0,1
0,0,2.313393260216613,0,0
1,0,4.678066869839876,1,1
0,1,1.7096560399034386,1,0
0,0,0.4482262180692764,0,0
1,1,4.1015993095921495,1,0
0,1,1.3889746481372685,1,0
0,0,3.585753438966486,0,0
0,1,2.2595855009771646,0,0
1,1,3.2052299726355313,1,0
1,0,5.46717519965631,1,1
0,0,2.514519749759514,0,0
1,0,4.31256061299763,1,1
1,1,2.5386075622089983,1,0
0,0,3.4387687191817555,0,0
1,1,3.848547796537126,1,0
1,1,3.4845459645201524,0,0
0,1,0.43424648229499896,1,1
1,0,6.099398821175614,0,0
1,0,4.71758663173028,1,1
0,1,2.340486137776856,0,0
0,1,2.305451137215779,0,0
0,0,1.6270953768195595,0,0
0,1,2.6874615049974055,1,1
0,0,2.7450731885627775,0,0
1,1,3.797461805091798,1,0
0,1,0.05926858681272318,0,0
1,1,5.22672187340789,1,1
0,0,3.10290037985428,0,0
1,0,4.7841685873927915,1,0
1,1,3.3053641929360236,1,0
0,0,2.9415736615485915,1,0
0,1,2.6383570587548864,0,0
1,1,3.9179577101334644,1,0
1,0,5.471527521449165,1,1
1,0,3.905984258752765,1,1
0,1,0.1676761055118039,1,0
0,0,2.22048075270243,0,0
1,0,4.640527560648441,1,0
1,1,2.961354632190078,0,0
0,0,2.927476396096227,0,1
0,0,2.7312456941086563,0,1
0,1,0.11444993680696225,0,0
0,1,2.7389302036261034,0,0
0,0,2.7733159303155834,0,1
1,1,2.845891061633844,1,0
1,1,2.4804047715761666,1,0
0,0,5.27914752091873,1,1
0,1,1.5083288763189169,1,0
1,1,1.8688602829177552,1,0
1,0,3.542649458611909,1,1
1,0,5.0798624983810665,1,0
0,0,2.2602206957983975,1,0
1,1,3.7530804708167333,1,0
0,0,2.95552351485418,0,1
0,1,1.9661112233275657,0,0
0,0,2.9607763920733294,1,0
1,1,3.821915244140106,1,0
1,0,6.614190628138509,1,1
0,0,2.6416354755857667,1,1
0,0,4.1064844844236505,0,0
1,0,5.2071693830097106,1,1
0,1,2.9543392307769523,0,0
0,1,2.558892475172679,1,1
1,0,6.138009789529644,1,0
0,1,4.540514262092679,0,0
0,0,2.9172935820730403,1,0
0,0,3.4446213379749246,0,1
1,1,5.896403906840348,0,0
0,1,2.2375805609087043,0,0
1,1,1.356575036350586,1,0
0,0,2.5510090653236643,1,1
1,1,3.641092832647835,1,0
0,0,3.133194010688205,0,0
0,0,2.3557581537787007,0,1
0,0,5.317369765847676,0,0
0,0,5.1837204419283545,1,1
1,1,2.3710285783987075,0,0
1,1,3.07516899651477,1,0
0,0,4.058088139849911,0,0
0,1,1.1856647653568848,1,0
0,1,1.5884414380277283,0,0
0,0,2.2117871104408757,0,0
0,0,4.408547559684074,1,0
0,1,1.9279570918359863,0,0
1,0,6.255251472924187,1,1
0,0,2.4215036771543788,1,0
1,1,4.7974902492313065,1,0
1,0,4.736312923398791,1,1
0,0,3.1924936854953874,0,1
1,1,3.5711429589755155,1,0
1,1,3.7403409378330923,1,0
1,1,3.9087169494643317,0,0
0,1,2.250197958440358,1,1
1,1,4.7835514266294465,1,0
0,0,2.0476461268194353,0,0
1,1,2.6783449143892444,1,0
0,0,4.261130922164455,1,1
1,1,6.040316692122185,1,0
1,1,4.9618404054928105,1,0
0,0,4.308688260745532,0,0
0,1,1.6282607024465607,0,0
0,1,2.61597541354697,0,0
1,1,4.433866611588729,1,0
1,1,4.174848834971782,1,0
0,0,2.1504943960384173,0,1
1,0,3.3805040636453128,1,0
1,0,6.24343309395827,1,1
0,0,3.7813188282417816,0,0
1,0,4.34124113851109,1,1
0,0,3.3531862952025215,0,0
0,0,2.543695938889102,0,1
0,0,3.9304118455611396,1,0
1,1,4.530260425372279,1,0
1,0,6.550208677128688,1,0
0,0,3.1302567087020687,1,0
1,1,3.9185662725095227,1,0
1,1,4.042532870851658,1,0
0,1,4.7995239467496775,0,0
1,1,4.689504994012276,1,0
0,0,3.1124598422085326,1,1
0,1,2.9053425169086107,0,1
0,0,2.7666443266757708,0,1
1,1,4.358255051674422,1,0
0,0,4.017560978368914,0,1
0,0,0.41525554349688054,0,0
0,0,1.6791217973569819,1,1
1,0,3.7570450767156203,1,0
1,0,4.662710598477895,1,1
0,0,2.6509786012439718,0,0
0,0,3.456515033059235,0,0
0,0,3.672099770309686,0,0
1,0,6.474417091109473,0,1
1,1,3.6827082817687677,1,0
0,1,1.6079342780641872,0,0
0,1,1.5273299705177505,0,0
1,1,3.106678140718026,1,0
0,1,2.200703959537075,0,1
1,0,3.7811467713303046,1,0
1,0,6.154888513674623,1,0
1,0,5.267058621531957,0,0
1,0,5.819482771234386,1,1
0,1,3.621035685907448,0,0
0,0,0.7330608559575817,0,0
0,0,2.866832107784664,1,0
1,1,3.4023163983441242,1,0
0,0,3.4632771623936813,0,0
1,1,4.842539427492159,1,0
0,0,3.4315779114806837,0,0
1,0,5.136706843060709,1,0
0,1,1.8321843903129282,0,0
1,1,4.928200692733813,0,0
0,1,2.029244217654499,0,0
1,1,5.697865028683955,1,1
0,0,2.4920626743914545,0,0
1,0,6.828316165940704,0,0
1,1,2.8186509979259675,1,0
0,0,3.274008126746305,0,0
0,1,2.0804331848524975,1,0
1,0,4.297847526583227,1,1
0,0,1.646180378788089,0,0
1,0,5.931331569359626,0,1
1,0,5.000977389239868,0,1
0,1,2.956048566483068,1,0
0,0,4.7850182503716665,0,1
1,0,5.67715617562805,1,1
1,1,4.963404165063689,0,0
0,0,2.6214763828189556,0,0
0,0,4.429558751917389,0,1
0,0,4.53227307592052,0,1
1,1,4.5719228321597205,1,0
1,0,4.782767381850421,1,1
1,0,5.0543179842249195,1,0
0,1,2.1559975860928926,0,0
0,0,3.4678095443614185,0,1
0,0,2.9943998606338385,1,1
0,1,1.7136146194327875,0,0
1,0,4.8334384551314935,0,0
1,1,4.005905979926916,1,1
1,0,6.228417794973192,1,1
0,0,2.072206288616415,1,0
0,1,0.06513439106278951,0,0
0,0,1.484294139834107,0,1
0,0,3.227808556260105,0,0
1,0,5.280910500502784,0,0
0,0,4.174778543586638,0,0
0,0,5.486085020750724,0,1
0,0,2.839661186074582,0,1
0,0,4.062696972913303,0,0
0,0,2.422683196408012,0,0
0,0,4.1059205165045185,0,0
0,0,3.2877423952157234,0,0
0,0,1.808223868006432,1,1
0,1,2.3298426269114847,0,0
0,0,3.5260697073537157,0,0
1,0,5.390473408714827,1,0
1,1,3.7283627590225183,1,1
0,0,4.478759498805321,0,0
0,0,4.14535730718711,1,1
1,0,5.694011962649698,1,0
0,1,1.3092165510651759,0,0
1,1,3.6127922633241596,1,1
1,1,4.827540270656083,1,0
0,0,4.711660903214661,0,0
0,0,4.038037516171055,0,1
1,0,4.824675814414383,0,1
0,0,3.1655624028669296,0,1
0,0,4.24305298192177,0,0
0,0,1.7093454051128254,0,1
0,0,1.6035933444560622,0,0
1,1,5.057770464726677,1,0
0,0,3.144805394283558,0,1
0,1,1.0673525199764327,0,0
0,0,2.818381564472652,0,1
1,0,4.657443791166173,1,0
1,1,4.511839403680013,1,0
0,0,2.883028725327555,0,0
1,1,4.443515218427292,1,0
0,0,4.592020489066257,0,1
1,1,4.200004507318239,1,0
0,1,1.9021155465007453,0,0
1,1,3.495150749119955,1,0
0,0,2.5322247043759494,0,0
1,1,3.899840820627087,1,0
0,0,4.028330688470383,1,1
0,0,3.7959715261946325,1,0
1,0,3.527763532170786,0,1
0,0,4.880263106053022,0,1
0,1,1.456284753578816,1,0
0,1,1.4592111428351089,0,1
1,0,4.8335282121520375,1,0
0,1,4.062063387100393,0,0
1,1,4.643194533713256,1,1
0,0,3.233658445367273,0,0
0,0,2.4202189613965723,0,1
0,0,3.182477351568701,1,0
1,0,7.281682859867609,0,0
1,1,4.874326924763503,0,0
0,0,2.5591400212296866,0,0
0,1,1.6582828868962332,1,0
0,1,2.606927675438142,0,0
0,0,3.9646459921940496,0,1
0,0,1.853004048289736,1,1
1,1,4.391144644297669,1,0
1,1,4.723281843186455,0,0
0,0,4.261100176652766,0,0
1,0,3.795616304383355,1,0
0,0,5.307086530081442,0,1
0,0,2.594589982573596,1,0
0,0,2.5619078129780926,0,1
1,0,4.500103222320932,0,0
1,1,4.587646839653665,1,0
1,0,4.073458405763326,1,1
1,1,5.736982224402997,1,1
1,1,3.540450452493271,1,0
1,1,4.125821968132261,1,0
0,0,1.8800534303333691,1,1
1,1,3.4781130455204683,1,0
1,0,2.9865699476925767,1,0
0,0,2.971291600447678,0,1
1,1,3.8968575424395424,1,0
1,1,2.238686842688919,0,0
0,0,2.814833279781282,1,0
0,0,3.504076821224671,0,0
0,0,4.354566764584036,0,0
0,0,2.0920477965168494,1,1
0,0,1.1819554112395263,1,0
0,1,1.8772671030445895,1,0
1,1,5.794486017029563,0,0
0,0,2.6794904865090774,0,1
0,0,2.5287244806240494,0,1
1,1,5.084072427461701,1,0
1,0,4.620776724249798,0,0
1,1,3.637726115681675,0,0
0,1,1.3189293323971458,1,0
0,0,3.1152077835709964,0,0
0,1,1.9824253010199837,0,0
1,0,5.1626351557816745,0,0
1,1,4.102861540205271,0,0
0,0,1.4425192804552551,1,0
0,1,2.6488469453773527,0,0
1,1,2.607723563778464,1,0
1,0,4.699343250308675,1,0
0,0,4.251415299963741,1,1
0,0,3.5953895565301632,1,1
0,1,3.5321194494089974,1,0
0,0,2.520257220859374,0,0
0,1,1.4449298286613468,1,0
0,0,4.175624840580282,0,0
1,0,5.150469042607828,1,0
0,0,5.077009079148194,0,1
0,0,2.079481964855681,0,0
1,1,4.733301695500386,1,1
0,0,3.636084384463523,0,1
0,0,4.191315641550304,0,1
0,0,3.623928125784417,0,1
1,0,5.710681174935173,1,1
0,0,3.1759485616065994,0,0
1,0,5.987199201908642,0,1
1,0,4.536852987684438,0,0
1,0,5.93411732712688,0,1
1,1,5.887001131066519,1,0
0,0,2.3101933921710565,1,0
1,0,5.7169172133434305,1,0
1,1,4.442476119472013,0,0
0,0,2.068489136848626,0,1
1,1,4.112665880344771,1,0
1,0,5.907042262205851,1,0
1,0,5.7727500390314805,1,1
1,0,4.139570917535975,1,1
0,0,3.2826220572917286,0,1
0,0,3.4798943614079207,0,1
0,0,3.9247609223669713,1,1
0,1,2.057411345133773,0,0
0,0,2.4434082568122766,0,1
0,1,3.1223456942738617,0,0
0,0,1.9284670337741232,0,0
0,0,2.3657396834206934,1,1
0,0,3.7721295152857826,0,1
0,0,3.332998337481364,0,0
1,1,4.151869769136791,1,1
0,1,1.1999644009121235,0,0
0,0,3.9167467010435737,0,0
0,0,3.5784624302421033,0,0
0,1,3.9545905197344937,0,1
0,0,3.700357717878425,1,1
0,1,0.6162589884039773,0,0
0,0,3.1052432610580816,0,1
1,1,3.911338472630184,1,0
0,0,2.84316130568154,0,1
0,0,2.8011131631682766,0,0
0,0,3.164767310753557,0,0
1,0,4.260888621518543,1,1
1,0,3.410331400527796,1,1
1,1,4.40837408148301,1,0
0,1,3.0947519148794687,1,0
0,0,3.460323922629826,1,1
1,0,5.295215944288558,1,0
0,1,1.2314989972710113,0,0
1,1,4.8624625806951265,1,0
0,0,1.0318508377163191,1,0
0,0,5.035826936538371,0,0
0,0,2.4460858249509623,0,0
0,1,2.713511714655705,1,1
1,1,3.5423819827434304,1,0
0,0,3.107850364056719,0,0
1,1,3.6576062530094826,1,0
0,1,-0.002653896595500971,1,0
0,0,3.628277024384935,1,1
0,1,0.9308636785540934,0,0
0,0,1.8503055217620439,0,0
1,0,4.513986260620138,1,1
0,0,2.7143316543514024,1,1
1,0,5.351715405709829,1,0
0,0,2.488996376904965,1,1
0,0,5.682787940292685,0,0
0,0,1.4601621855067122,0,0
0,1,1.6739555833788387,0,0
0,0,3.485551740552165,0,1
0,1,3.088199080567639,1,0
0,1,2.62896031427878,1,0
0,0,3.8466387831664965,0,1
0,0,2.3068011133063284,0,0
1,0,5.595249914622936,1,1
0,0,4.302804541808577,0,0
0,0,3.4924821669743467,1,0
0,0,5.394680922590809,0,0
0,0,2.9406086538649983,0,0
0,0,2.669561722241633,0,0
0,0,1.279201910346613,1,1
0,0,2.5598131196142697,0,1
1,0,5.513301405601075,1,1
0,1,2.8965547239451146,0,0
0,1,3.397130164432421,0,0
0,0,3.22031022109262,0,0
0,1,1.4309768560208376,0,0
1,0,3.6814957181033634,0,0
0,0,2.8178168820265417,1,0
0,0,1.9732400647906994,0,0
0,0,2.800073285921295,1,0
1,1,2.612087190992316,1,0
0,0,2.645648029506131,1,0
0,0,2.3680972055450606,0,0
0,0,4.019308132978269,0,0
0,0,1.8303902088515824,1,0
0,0,1.3142642781511316,0,0
1,1,4.784374258587503,1,0
0,0,4.505890184197978,0,1
1,0,5.773250115478423,0,0
0,0,2.8578335066501555,0,1
0,0,2.141344353346442,1,1
0,0,2.790442167968454,1,0
0,1,1.6051010959678849,1,0
0,1,0.799112055528256,0,0
0,0,3.0132182710203614,0,0
1,0,6.287966927278957,0,1
0,0,3.8544931502416273,0,0
0,1,2.353126215489926,0,0
0,1,1.94287929113601,1,0
0,0,2.0206880905870612,0,0
0,0,4.090262908164739,1,0
0,1,0.5629479353330964,0,0
1,0,2.8568481920604363,0,0
0,0,2.9374873239277672,1,1
0,0,2.5767960987157066,0,1
1,0,4.645506984893631,0,1
0,0,3.725128776029247,0,0
1,1,4.539251576750792,1,0
1,0,5.664196845796908,0,0
0,0,4.090669061976498,0,0
0,0,1.7316881543666591,0,0
0,0,4.749072237643474,0,0
1,1,3.146518623847908,0,0
1,1,4.3095915002111616,1,0
1,0,6.873908078723181,1,1
0,1,3.628865159116666,0,0
0,0,4.413377253434486,0,1
1,0,4.978366685121385,1,1
0,0,1.5414756211087906,0,1
0,1,0.9307286316433867,0,0
0,1,1.6833044861924487,0,0
1,0,4.31584629260366,1,0
0,0,2.2823357302379232,1,1
0,0,2.764152493111881,1,1
0,0,2.360494761058131,0,0
0,1,1.483916449526657,1,0
0,1,2.0925047304239737,0,0
0,0,2.0092215148056796,0,0
1,1,4.718174165923017,1,0
0,0,3.9464727291521626,0,1
1,1,3.5421686177159333,0,1
0,0,3.009846404502042,0,0
0,0,4.5183656317729906,1,0
0,1,2.80101727175838,1,0
1,1,5.6168165154998855,1,0
0,0,3.770958420515071,1,1
1,1,5.031419560778334,1,0
0,0,2.43420855309868,0,0
1,1,3.9703285883748114,1,0
1,1,3.2366919201298163,1,0
0,0,3.0838760385226704,1,0
0,1,2.543609156943277,0,0
1,1,4.235061668445566,1,0
0,0,1.50263823055352,0,1
1,1,3.210181771073831,1,0
0,0,1.8220223312927455,0,0
1,0,5.312211032527072,1,0
0,1,1.6074413293225864,0,0
0,1,2.2697530513671036,1,0
0,0,0.9279972454902912,1,1
0,0,3.0987864681187314,0,1
0,0,1.9792834012618572,0,1
0,0,3.713349238872493,0,1
1,1,4.771547624692479,1,0
1,0,5.555724467850333,1,0
1,1,4.941994389321688,1,0
0,0,3.8102673284076545,0,0
0,1,1.4826873208596534,1,0
1,0,3.5547261722128587,1,0
0,1,2.7144915545379407,1,0
1,1,4.321854711210697,1,0
0,0,0.7231228809878076,0,0
0,0,1.2855737196090662,0,1
0,1,0.7059196010007631,1,1
0,0,2.921084404769118,0,0
1,0,3.600383371858078,1,0
0,0,3.655081924837061,0,1
1,1,3.490115796894492,1,0
1,0,6.546226007238319,1,0
0,0,3.426706697015191,1,0
1,1,3.8695284819393647,1,0
1,1,4.421848683911465,1,1
0,1,1.0667684203643422,1,1
0,1,3.44600134100554,0,0
1,1,5.050432088094694,1,0
0,1,2.2465674247863294,0,0
0,0,4.933233212010582,0,0
0,0,1.534671163984326,0,0
0,1,2.809485493906633,1,0
1,1,5.204135243885054,1,0
0,0,3.496670229773025,1,0
0,1,1.8444230395419867,1,0
0,0,0.9400980911193866,0,1
0,0,4.085201060819111,0,0
0,1,1.5733555233907492,1,0
0,0,2.92862904770082,0,1
0,1,2.9864059854618903,0,0
0,1,2.98906033680974,1,0
1,1,2.844295070979552,0,0
0,1,1.0124758820249093,0,0
0,1,1.2922438574014508,0,1
0,0,3.6889901614530496,1,1
0,0,4.0795108333049965,1,1
0,0,3.502396535411991,0,0
0,0,2.5594127857641507,0,1
0,1,1.8562761067603513,0,1
0,0,4.386266436537204,0,0
0,0,1.8762186557351377,1,1
0,0,3.779821786558678,0,0
0,0,2.8929285647848197,1,1
0,0,3.489646331463214,0,0
1,1,4.025048705709673,1,0
1,0,6.031514207151996,0,1
1,0,5.530698662319617,0,0
0,1,2.0704543980031067,0,0
0,1,4.264794296344823,0,0
0,1,3.250852047704302,0,1
1,1,4.271576309642719,1,0
1,1,4.775492746442962,1,0
0,0,3.1171478629424665,0,0
0,0,2.3087547755970896,0,1
0,0,1.2768343578250467,0,1
1,1,6.064662643466846,1,0
0,0,2.5606994390835314,0,0
0,1,2.58909136746775,1,0
0,0,4.264796065020624,0,1
1,1,3.560946547979288,1,0
1,1,3.722192829611164,1,0
0,0,3.519153279568353,0,1
0,0,3.5281293715720197,0,0
0,0,3.0332186350372186,0,0
0,0,1.944207004179514,0,0
0,0,4.28909167854827,0,1
0,0,3.7627356697395724,0,1
0,1,2.181915984791849,1,0
1,1,4.8047846591610925,1,0
0,0,-0.24387804171452077,0,0
0,0,3.0634524506772416,0,1
1,1,3.577159275009203,1,0
0,0,1.0397878010498025,0,1
1,1,4.544841562672303,1,1
1,0,4.0159873408576034,1,1
1,1,5.416197876870941,0,0
1,1,3.8582312016187568,0,0
1,0,5.666577463539976,1,1
0,1,1.4213623732058633,1,1
1,1,4.822430362939714,1,0
1,0,6.417210238528877,1,0
0,1,0.42594844646705976,0,0
1,1,4.618025201774149,0,1
0,0,1.352306740135497,0,0
1,0,4.885407612881915,0,0
1,1,4.259571232909751,0,0
0,1,0.9078296416272824,1,1
0,0,2.6690479090567765,0,1
1,1,5.4968183852604175,1,0
0,0,3.8953340899307807,0,0
1,0,6.034392917277701,0,0
0,0,4.630364690398872,0,0
1,0,4.684367577545886,1,0
0,1,3.0017368781525553,0,0
1,1,3.397445912713412,1,0
1,1,5.24823205413911,1,0
1,1,2.871646571849903,1,0
0,1,1.1697695578108567,0,0
1,1,5.748075373007613,0,0
0,0,3.6089156904115343,0,1
0,1,2.3292248021729414,1,0
0,1,1.8196952204205639,0,0
0,1,1.6190318924980416,1,0
0,0,2.9253454405483645,0,1
0,0,2.911501858789196,0,0
0,1,2.6822064694931607,1,0
0,0,4.701340781698832,0,1
1,0,4.160038864512506,1,1
0,0,3.1793946325127336,1,1
0,0,3.8114007356552775,0,0
0,0,2.723751553705167,0,1
1,1,4.822727267928118,1,0
1,0,3.622904257699946,0,1
0,1,4.301111601251117,1,0
0,0,3.3390592460509505,0,1
0,1,1.9556833285316702,1,0
0,0,2.286749179064162,0,0
0,0,2.7348929496192276,1,0
0,0,3.740598654199313,0,1
0,0,5.390075056017597,0,1
0,0,1.7014834524656515,0,0
0,0,2.9022702834685674,1,0
0,0,1.8776384109281905,0,0
1,1,2.789547520216728,1,0
0,0,3.0898750941473514,0,1
1,0,4.4991464034027,0,1
1,1,4.33422245823238,1,0
0,0,3.6940760496121325,0,0
1,0,3.7492861292888406,1,1
0,0,2.4687887036529417,0,1
1,0,4.723570688370775,1,0
0,1,-0.16928337093940415,0,0
1,0,4.7423486170560105,0,0
1,0,3.7249068871893862,0,1
0,1,1.7780338437249916,1,0
1,1,3.9534988864749536,0,0
0,1,0.12355657590115166,1,0
1,1,2.8864494297872483,1,1
1,1,4.394622921546769,0,0
0,0,3.8897916857436767,1,1
0,0,4.895737483273255,0,1
1,1,4.350790186373346,1,0
0,0,2.3435750116243756,0,0
1,1,3.080291711825957,1,0
1,1,2.7250204479002207,1,0
0,0,4.0274661973459756,1,1
1,1,2.639378603790507,0,0
0,1,1.2235966051123808,0,0
0,1,1.872173767043232,0,0
1,1,5.27528715351631,1,1
1,1,4.610524354707493,1,0
0,1,1.8628975524359144,1,0
0,0,3.6332249019953062,0,1
1,0,6.923046556303978,1,1
1,1,3.6637781314213247,1,0
1,1,5.143311508290514,0,1
0,0,3.615292940822408,0,1
0,0,4.245858993975783,1,1
0,0,3.146765970189475,1,1
0,0,2.310540986253066,0,0
0,0,1.9553984798181203,1,1
1,1,3.8055375815381227,1,0
1,1,2.9884745483857196,0,0
1,0,3.567050602012337,1,1
1,1,6.342536979935049,1,1
1,0,4.07081722376625,0,0
0,1,1.515153349857881,0,0
1,1,4.130541986267303,1,0
1,0,6.803167661522677,1,0
1,1,4.6656362135062075,1,0
1,0,6.39289878017591,0,1
0,0,3.171602120574801,0,1
1,0,5.032169323106859,0,0
0,0,3.212551307349727,0,1
0,0,4.228956512183087,1,0
1,0,4.108112911060305,0,0
1,1,3.409998587558015,1,0
0,0,3.9318659647838654,0,0
0,0,4.400507452435466,0,1
0,0,1.5470642275985966,0,0
0,0,2.515221016479777,1,1
1,0,5.497553805905205,0,1
1,1,4.604871235537597,1,0
0,1,3.189227913902372,0,1
0,0,4.4490052879205795,1,0
0,0,2.587054690224238,0,0
0,0,4.111467201729155,0,1
0,1,1.131498901004758,0,0
0,0,4.0597273967692304,0,0
0,1,1.8233375081844028,0,1
0,0,3.448431736902697,0,1
0,1,2.787487770033641,1,0
0,1,2.886735600823357,1,0
1,1,4.378079080961635,0,0
0,1,2.3291405518004242,0,0
1,1,2.7428199471223826,1,0
0,0,3.4526730295245462,0,0
0,1,1.3549333698939363,0,0
0,1,1.5091213313566367,1,0
0,1,2.4086419098949285,1,0
0,0,4.589360686580848,0,1
1,1,4.989888565415637,1,1
0,0,2.929612592980146,0,1
0,0,2.8121256676264808,1,0
1,0,4.286074267647071,1,0
1,1,4.055912202670213,1,0
1,1,1.6783194128450498,1,0
0,0,2.876791737206442,1,1
0,0,2.355978333431384,0,1
1,1,3.83233417092656,1,0
1,0,3.489250319763185,0,1
1,1,3.585277451024873,0,0
1,1,5.49575151099107,1,0
1,0,5.190918718650473,1,1
1,1,2.8816098161061436,1,0
0,1,1.5447152524809407,0,0
0,1,2.130548790076388,0,0
0,1,-0.2858454587112993,0,0
0,0,5.36020807082519,0,1
0,0,3.259258312345277,0,0
0,0,3.2569227116155637,0,0
1,0,5.780788294538063,1,1
0,0,3.5616760474672478,0,0
0,0,4.437853817325308,0,1
0,1,3.7008775698310314,0,0
1,0,4.183974067657184,0,0
1,0,3.0585135402675103,1,0
1,1,2.3039862572381367,0,0
0,0,5.202472967882411,0,0
0,1,0.9228370906656791,1,0
0,0,4.505112638221304,0,0
1,1,2.9333628628204726,1,0
0,0,4.296894950755277,0,1
0,1,3.286711889211717,0,0
1,1,4.23366992646294,1,0
0,0,2.36297308496288,0,0
1,0,6.150314228643314,1,1
1,1,3.4475117118134637,1,0
0,0,4.561837990478068,0,1
0,0,2.414974787257223,0,0
1,1,5.387072360147637,1,0
1,0,4.307599740947667,0,0
1,0,4.2578491126216305,1,0
0,0,3.70436830072375,0,1
0,0,3.0197283186940633,1,0
0,0,3.6413409050889562,0,1
0,1,4.789486741283475,1,0
0,1,1.0782692608205946,0,0
0,0,2.6506210277972624,0,1
1,0,5.137114027473361,1,0
1,1,2.947848006018101,1,0
1,0,3.3461625163789446,0,0
0,1,1.0802057459795302,1,0
0,0,3.739998121473146,0,0
1,1,3.2921751647279107,0,0
0,1,1.299851882073705,0,0
1,0,5.485737776284982,1,0
0,1,0.9913328155103185,1,0
0,1,2.918177222304818,0,0
1,0,6.93098689940977,1,0
0,0,3.285027713663446,0,0
0,0,3.446062657147659,0,0
0,0,2.289475337107107,1,0
1,1,4.284479465581895,1,0
0,0,3.482548407454535,0,1
0,1,0.7324859955594669,1,0
1,1,3.0414524892010286,1,0
1,0,4.192225280517755,0,0
0,0,3.211884793266951,0,1
1,1,3.4731872373699013,1,0
0,0,3.193383461007144,0,0
0,0,2.5114739173491136,0,0
0,0,4.097430996186316,1,1
0,1,1.8202564666418568,0,0
1,1,2.987027511827457,1,0
1,0,6.63084430951627,0,0
0,1,4.068925792934494,1,0
1,0,5.771442008581233,1,0
1,1,4.463464327493472,1,1
0,0,2.974369412159717,0,0
1,1,4.444717665220622,1,0
1,0,3.928088240989311,1,1
0,0,1.847780003974633,0,0
0,1,2.5841617366420975,0,0
0,0,1.81321173050238,1,0
1,0,6.820476688843238,0,1
1,1,3.214969346355601,1,0
1,1,4.547542280213842,1,1
1,1,2.7610283993743465,1,0
1,1,3.9812751240675257,1,0
1,1,4.417812640317468,1,0
0,1,1.5711157446350306,0,0
0,0,2.3688539126515202,1,0
0,1,1.7302831948287867,0,0
0,1,3.3054244424488255,0,0
0,0,4.0118089850285905,0,0
1,0,6.106142376378127,0,1
1,0,6.038822086027361,1,1
0,0,4.519786792122044,1,1
0,1,2.8118449129759053,0,0
1,0,2.7184836444404685,1,1
0,0,3.6429825771966917,0,0
0,1,2.4508701482293955,1,0
0,0,2.778673411563562,0,1
0,1,0.5273870454568435,0,0
1,0,4.319283496487378,1,0
0,0,2.666795084932466,0,1
1,1,4.874905870129689,0,0
1,0,5.719991413526822,0,0
1,1,2.8404691628988084,0,0
0,0,3.609591300812769,0,1
0,0,1.0804181082262547,1,0
0,1,1.5733648377968392,1,0
1,1,3.983897809523959,1,0
1,0,5.747009839682617,0,0
1,1,3.7421582175540653,1,0
0,0,3.56162186832919,1,1
0,0,3.2953529831571875,0,0
0,1,2.487538468974603,0,0
0,0,3.662658932817816,1,0
1,0,4.717480234136434,0,0
0,0,3.881126332668849,0,1
0,0,4.554347703661399,0,0
0,0,2.840516736059948,0,1
1,0,2.7375830579072744,0,1
0,1,2.657797736623058,0,0
1,0,5.0220930866597016,0,0
1,1,4.4820159153877395,1,1
0,0,2.203435808633261,0,0
1,1,3.5373282160159913,1,1
1,0,5.056737172721649,1,0
0,0,2.825250659621478,1,1
1,0,4.945419267763615,0,1
1,1,3.5071624721072583,1,0
1,1,3.869420178101924,0,0
1,0,5.683771876847454,1,1
1,0,5.537658432312843,1,0
0,1,0.736009901772503,0,0
1,1,4.213639592471312,1,0
0,0,2.2709814396394803,1,1
1,1,4.373576559776597,1,0
0,1,3.191946819272083,0,0
1,1,4.821148789686863,1,0
0,1,1.3416807278263163,0,0
1,1,4.092973365577332,1,1
1,1,4.383887617240024,1,0
0,1,2.455372617023224,0,1
1,1,3.1443477712604095,0,0
1,1,4.529261590159508,1,0
0,0,3.3192548827644885,0,0
1,1,3.0440103948687427,1,0
0,0,3.361386968832429,0,1
0,0,2.553928113668897,0,0
0,0,2.1022876801767203,1,0
0,0,2.599896514053059,0,1
1,0,4.049472491036272,0,0
0,0,2.2817106170524375,0,0
0,0,4.480793076535305,1,1
1,1,2.7043985476136383,1,0
1,1,4.780502894746143,1,1
0,0,3.467008181743134,1,1
1,0,6.5231395083820285,1,1
1,0,7.001306917397285,1,0
0,0,2.8549602633777758,0,0
0,1,2.3166589537579787,0,0
0,0,3.064949056535306,1,0
1,1,2.8971735953713056,1,0
0,0,2.562531806464247,1,0
0,0,5.76839805540439,1,1
0,0,3.423670518423466,1,1
1,1,2.443792649685567,0,0
0,0,3.6327048265928275,1,0
1,1,5.054003959454153,1,0
0,0,3.7083899834157705,0,1
1,1,2.5402070462903747,1,1
1,0,5.264807010143256,1,0
0,0,1.3685223364424532,1,1
0,1,1.7547106819733418,1,0
0,0,0.21294734421270212,1,0
0,0,1.1591102753883291,0,1
0,0,3.332406497894992,0,0
1,1,5.101267265276987,1,0
1,1,3.884188711724988,1,0
1,1,4.683400109152596,1,0
1,1,5.884163077812859,0,0
0,0,1.9859492617608883,0,0
0,0,3.632232785111798,0,0
1,1,5.252741638225808,1,0
0,0,3.1817059818190154,0,0
1,0,5.403427286294026,1,0
1,1,4.495278914706587,1,1
1,0,4.559904037455466,0,1
1,0,6.26200796873041,1,1
0,1,0.7224354800609456,0,0
1,0,4.596661804469863,0,0
1,0,5.133966930906566,0,1
0,0,3.9409655979188427,0,1
0,0,1.8936856339951993,1,0
0,0,3.9339452805747284,1,1
0,0,2.8785804758568005,0,1
1,0,6.011164188730319,1,0
0,1,4.165831736430929,1,0
0,0,3.948348544934423,0,0
0,0,3.334855449769161,1,1
1,0,5.350820513549415,1,0
0,0,3.643848454013776,0,1
1,1,4.6077838601150525,1,0
0,0,2.153313512718623,1,0
0,1,2.247755467240952,1,1
0,0,3.558893124158599,1,1
0,0,2.051345731143942,0,0
0,0,2.892186221168946,1,1
1,0,3.6109756314562924,0,0
0,1,-0.6395680560123922,0,0
0,0,2.8001896318655017,1,1
0,0,2.6773025312647354,1,0
0,0,4.526228197378827,0,0
0,1,0.5719530384885765,1,0
1,0,5.5952412330461065,1,1
0,0,3.188075993270061,0,0
0,0,4.069037266532227,0,1
0,0,2.574803951610566,0,1
1,0,5.605337689519027,0,1
1,0,4.011951670538025,1,0
0,0,3.4492765051230534,0,1
1,1,4.142751849252843,0,0
0,0,2.5075665291878,0,0
0,0,4.142196509248098,0,0
0,0,3.135510644436365,0,1
1,1,4.70290822117377,0,0
1,0,6.559803543494367,1,1
0,0,4.317651769368496,0,0
0,1,3.0753919522836703,0,1
1,1,3.7961230776558392,1,0
0,1,2.3493973178938905,1,0
0,1,2.554364441934286,0,0
0,0,3.8531768803688977,1,1
1,1,4.5790867357624165,1,0
1,1,3.4496745662887967,1,0
0,1,1.7607443284390165,1,0
0,0,2.8049878893108073,0,0
0,0,2.624926273339197,0,1
0,1,2.769089634784946,1,1
1,1,2.221217391964333,0,0
1,1,3.387874554390243,1,0
0,1,1.692281284745753,0,0
0,1,3.260833614757023,0,1
0,1,1.0170571576858283,0,0
1,0,5.521074863936526,1,1
0,0,3.1186439868287215,0,0
0,0,2.341388943999454,0,0
1,0,7.075713314611477,1,0
1,1,4.712729430663577,1,1
1,0,4.50186683902378,1,1
1,1,5.180842801240094,0,0
0,0,3.0412938265156977,0,0
0,0,1.8155724214238682,0,0
1,1,1.0396778895217915,0,0
0,0,3.65213142409806,1,1
1,0,5.414322208254811,1,0
1,1,3.1205665385837325,1,0
0,1,0.5142719196368937,1,0
1,0,4.254239843195895,1,0
1,1,3.4839345192122577,0,0
0,0,3.460002563578451,0,1
0,0,3.2778500194831035,0,0
1,1,3.5890398016858214,1,0
0,1,0.25641424236081023,0,0
0,0,1.7673987946649943,0,0
1,1,5.595615999810453,1,0
0,1,1.555449419043192,0,0
0,0,4.240509667817219,0,1
0,0,3.9072743767515026,0,1
0,1,0.34471232457881795,1,0
0,0,3.774459483636596,0,1
1,0,3.95616634525316,0,1
1,1,3.0644186124928585,0,0
0,1,2.795705599275768,1,1
1,0,4.46183819412062,1,1
0,0,1.4540050919510528,0,0
0,0,1.8410297797432942,0,0
1,0,4.596291344916566,1,0
0,0,3.6674692735887935,0,0
0,0,1.5091719582169631,1,1
0,1,2.034511724050787,1,0
0,0,4.637294130520132,0,1
0,0,1.674082982358603,1,0
0,0,2.470446866313017,1,1
0,0,2.516831698681071,0,1
0,1,1.0433249895633803,1,1
1,1,4.812258989070333,1,0
0,0,2.8881623617979564,0,0
1,1,3.9101298289681896,1,0
0,1,3.4746734742937964,1,0
0,0,3.274094821087043,0,0
1,1,3.9263561825501974,1,1
0,0,2.930238976693477,1,0
0,0,2.2163173836686187,0,1
0,0,4.209142196677055,1,1
0,0,2.545347634957083,1,1
1,1,4.024700580550871,1,1
1,1,1.9498899713286084,1,1
0,0,3.639761167999905,1,1
0,0,4.420786448147819,1,1
1,0,6.2466307765109805,1,1
1,1,2.9562065514539184,1,0
1,1,4.598483986372414,1,0
0,0,3.051628580356961,1,1
1,0,4.380159620383768,1,1
0,0,3.5245232533542623,0,0
0,0,3.666086968766029,0,1
0,0,3.4481426087527454,0,1
1,0,5.49438237644756,1,0
1,1,3.9065637659338135,1,0
1,1,5.650653419845844,1,1
0,0,2.154995872754265,0,0
0,0,3.3958390304437795,0,1
0,1,0.6579081908011899,1,0
1,0,4.89760444444478,1,1
1,1,4.254376839005927,0,1
1,1,4.173946993193705,1,1
0,0,3.6833800139348067,1,1
1,1,3.2033262251031553,1,0
0,0,2.1862153576572942,0,0
0,0,1.7301076997807188,1,0
1,0,4.167165131366682,1,1
1,1,3.313017226608832,1,1
1,1,3.148380096559719,0,0
1,1,2.624158737519262,1,0
0,1,2.3237367724864186,0,0
1,1,3.7216760923909504,0,0
0,0,3.1492608252671133,0,0
0,1,1.6028896264193455,1,0
0,0,5.1558465575412225,0,0
1,1,2.021999901409342,1,0
0,0,2.4033317091620763,0,1
0,0,1.478984136194916,1,1
0,1,2.7006046876374494,0,0
1,1,3.3652420682099646,1,0
1,0,5.266653620872258,0,1
1,1,2.7581502595294873,1,0
0,0,3.0294769006306597,0,0
1,1,3.8451420241729037,1,0
1,1,3.452306096881956,1,0
0,1,5.037878471552919,0,1
0,1,2.281501102596462,1,0
0,1,0.12118030990827111,0,0
0,0,5.176591115621271,0,1
0,0,2.8275191095976044,0,1
0,0,1.865169478907067,1,0
0,0,2.281919125493252,1,1
1,1,4.939926573482088,1,0
0,0,4.075074375206389,0,0
1,0,5.477085093619709,0,1
1,1,3.2644487728311677,1,0
0,1,2.68931153387539,1,0
0,0,3.269158874464953,0,1
1,1,4.176319647315154,1,0
1,0,5.082448531247989,0,1
0,0,2.7499560036929633,0,0
1,0,5.150979595775498,1,0
1,0,4.474354997890487,0,0
0,0,3.6599566110429795,1,1
0,0,3.2364626761470445,0,1
1,1,5.9393347922947894,1,1
1,1,2.8061868098167064,1,0
1,1,5.248530015723781,1,0
0,0,2.097383178802838,1,1
0,0,2.4223412037169503,0,1
0,0,2.899339726524606,1,1
0,0,4.561608101095986,0,0
1,0,4.124556124869455,1,0
0,1,3.0448156406763807,0,0
0,1,2.9932886990950323,1,1
1,0,6.220721083080104,0,1
0,0,2.3839011423886003,0,0
0,1,2.8339976079018143,1,0
1,1,4.026735373747836,1,0
0,0,3.4828240472352006,1,1
0,0,2.5797022706865036,0,1
1,1,2.062095151343665,1,0
1,1,4.201083019395552,0,0
1,1,4.7941824591117985,1,0
0,1,2.92531795256059,0,0
1,0,5.36960824928333,1,1
0,0,2.6451450124633213,1,1
0,0,2.252484358247341,0,0
1,0,5.82279442484172,1,1
0,0,3.9088628869369346,0,0
1,1,3.9611153406645347,1,0
1,0,5.259100043377637,0,1
1,0,5.187588049973961,1,0
0,1,1.5065162127220713,0,0
0,0,3.8858635227934917,0,0
0,0,4.464994401181869,1,1
1,1,2.333365570608052,1,0
0,0,3.526963578482096,0,1
1,1,4.4163261505587235,1,1
0,0,2.8381044026752473,1,0
1,0,4.021697154752582,1,1
0,0,4.745940540830068,1,1
1,0,4.822861636262755,0,0
0,0,4.743211704595995,0,1
0,1,2.8827284368781454,0,0
1,0,5.059074407725421,1,1
1,1,3.8285588157317005,1,1
1,1,4.186429708153985,1,0
1,1,4.5302946399938815,0,0
1,1,4.182660947713238,0,0
0,0,2.5937483875681795,1,0
0,0,4.099765993291506,0,1
0,0,4.664058200490507,0,0
0,0,2.9786731264979442,0,0
0,1,2.15774938923241,0,0
0,0,3.751375694650073,0,1
1,1,3.661267950208451,1,0
0,0,0.9047619345508955,0,1
0,0,3.1545960535029565,0,1
0,0,4.077919254924327,1,0
0,0,1.7038657679405056,0,1
0,0,0.8392365832791682,0,1
0,0,3.596040934449407,0,0
1,0,3.99510113284708,1,0
0,0,1.5962953374318403,0,0
1,0,3.8185626655979874,1,1
0,0,3.3299129392917,0,1
1,1,5.305877543438267,1,0
0,0,1.6324533633671496,0,0
0,1,2.210559250099053,1,0
0,0,3.2957876407046975,1,0
1,1,4.209828932907891,1,0
0,0,3.6304287153225703,0,1
1,0,4.9754415548262125,1,1
1,1,2.569474796066606,1,0
1,0,5.236664154493517,0,1
1,1,5.044105883218297,0,1
0,0,2.739398224735998,0,1
0,0,2.173240126381904,0,1
0,0,3.8069800937302603,1,1
1,0,4.465206861545843,1,1
0,1,1.7440341046658097,1,0
1,0,5.833828494432054,0,0
0,1,2.5744842316728125,0,0
0,1,4.371879046146901,1,0
0,1,1.606489135370186,1,0
1,1,5.136376938200446,0,0
1,0,4.131203951966787,1,0
1,1,6.11869262818795,1,1
0,0,4.456851991933991,0,1
0,1,2.7709876332793577,1,0
1,0,3.6618510238456383,1,1
0,0,3.543120165802948,1,1
0,1,1.3116849788205882,1,0
0,0,3.737626044856922,0,1
0,0,3.1725924837690482,0,1
1,1,3.8307337600195996,1,0
0,0,4.959287149590993,0,1
0,1,1.173310817937995,0,0
1,0,4.489311620035018,1,1
0,0,3.7417946318117465,0,1
0,0,2.4261452468710063,1,1
0,0,2.462796661056365,0,0
1,1,4.940602030427275,1,0
0,0,3.9260633865276455,1,1
1,1,5.960164777425781,1,1
1,0,5.632692240959053,1,1
0,0,4.094059751777007,0,0
1,1,4.051867184851589,1,0
1,0,4.781479988911871,1,1
0,1,2.194115768779288,0,0
0,0,2.4685198309299916,1,0
0,1,3.1661993826631516,0,0
1,1,3.2132187076921057,1,0
0,1,2.8066101187590493,1,0
1,1,6.08162836623552,0,0
0,1,1.9353097329223339,1,0
1,1,5.2943577374799204,1,0
1,1,4.386848108700272,1,0
1,1,4.100402122846619,1,0
1,0,5.856191143410475,0,0
1,0,5.688060022276023,1,0
1,0,5.525236481414135,1,0
0,0,3.0436516765866357,0,1
0,1,1.3318142951557808,0,0
0,0,4.688117204017921,0,1
1,1,4.30829531609484,1,0
1,0,5.8618838059642036,0,0
0,0,5.151836788322589,1,1
1,1,5.021135527372719,1,0
0,1,0.9782455295844714,1,0
1,1,2.9122813126987914,1,0
1,1,6.035140040336023,1,0
0,0,1.3510111393961342,1,0
1,0,4.292362179180869,0,0
1,0,5.696759160032943,0,1
0,0,3.3184341297318194,0,0
0,0,1.5498239595057708,0,0
0,1,2.126218780262847,1,0
1,1,6.028121475563827,0,0
0,0,2.1325965517825174,1,1
0,1,0.45013578362093654,1,1
0,0,2.357366469189496,0,1
0,0,3.1273612322905313,0,0
0,0,2.597914834119749,1,1
0,1,3.030808086759324,0,0
0,0,4.174806182545907,0,1
0,1,3.3774557213927774,1,0
1,0,5.960658691814531,1,0
0,0,2.770018180407802,1,1
0,0,2.4664861308204076,1,1
0,0,3.060923995503096,1,0
1,1,5.041366667507353,0,0
1,0,4.137170222548638,1,0
0,0,3.3284624819788506,0,0
0,0,4.038230214158908,1,1
0,0,4.147063723134781,0,1
1,0,5.6382544591849655,1,1
0,1,0.9242343645001307,1,0
0,0,2.7714568130546424,0,1
0,1,1.9180292848877971,1,0
1,0,3.119516624168,1,0
0,0,2.112623972219996,0,1
0,0,4.426780851016872,0,0
0,1,1.5571557371396036,1,0
1,0,3.5187124708311104,0,0
0,0,3.490470794096505,1,1
0,0,4.185708746638538,0,0
1,1,2.2435590605465294,1,0
1,1,3.821429730539958,1,0
1,1,3.1236128216917347,0,0
0,0,2.1919075124956247,0,0
0,0,2.024954287856105,0,0
1,1,4.242244554871635,1,0
1,1,3.91012305644249,1,0
1,0,6.39021075714699,1,1
0,0,1.9537135123969298,0,0
1,0,6.50728454357729,0,1
0,0,3.0293880400959723,0,0
1,0,5.108839852395644,0,1
1,0,4.184388726152631,0,1
0,0,3.426454685259848,0,1
1,1,5.385260083260956,1,0
1,1,3.1155366948875187,0,0
0,0,4.128221225753047,0,1
1,0,4.312145969191823,0,1
0,1,1.5417190124058202,0,0
0,1,2.2630700900691147,0,0
0,1,1.9622508715814269,1,0
0,0,2.8978222016361754,0,1
0,0,2.9858664935626664,0,0
1,1,6.0271223299718955,1,0
0,0,3.158314096785417,0,1
0,0,1.9104548570575024,0,1
0,0,1.7799382823661873,1,0
0,1,1.707600346746843,1,0
1,0,6.89685521587262,1,1
0,1,4.5712725223156685,0,0
0,0,3.9511683035490273,1,1
1,0,3.777064623960877,0,1
1,1,3.074854564021324,1,0
0,1,0.8130145372651791,0,0
1,1,3.0879597789084,1,0
1,0,2.605537737902846,1,0
1,1,4.566948637254467,1,0
1,1,3.38192072827332,1,0
0,0,4.863086953167053,0,0
0,0,3.41219213933643,0,1
1,1,4.726596565964852,1,0
0,0,1.195075952316443,0,1
0,1,1.4986330631220062,0,0
1,1,2.7830685993994697,1,0
1,0,3.3570375549275644,1,0
1,0,5.580497721890744,1,0
1,0,5.064147180336638,1,1
1,1,2.4522715694468484,1,0
0,0,4.310206654516409,0,1
1,0,5.616855679490742,1,0
0,0,2.3593389602677126,1,1
1,0,5.5564229047420906,1,1
0,0,3.1604239231202476,0,0
1,0,4.3879344277531676,1,0
1,1,3.2715034762593715,1,0
1,0,5.707055429780255,0,0
0,1,2.3234678436470437,0,0
1,1,2.497981626015976,0,0
0,1,2.7644035541091934,0,0
1,0,3.740384952785602,1,1
0,0,2.462025334079473,0,1
1,0,5.8428274381113585,0,1
0,0,2.8419126695711463,1,0
0,0,3.894803331517291,0,0
1,1,5.912632328174729,1,0
1,0,4.276061198191085,1,0
0,0,3.615426521481026,0,0
1,1,4.8743587250921365,1,0
0,1,3.250426368531325,0,0
0,1,2.1344593192805084,0,0
1,1,3.103931653895435,1,0
1,0,3.4665386950727686,0,1
0,0,3.7379526927477236,0,0
1,1,5.0202138091697375,1,0
0,1,2.9911905476104033,1,0
1,1,4.6622877476660225,1,1
0,0,1.9593436205562376,0,0
1,1,4.9538485428959955,1,1
1,1,2.0898163782114025,1,0
0,0,3.7784478356071576,1,1
1,0,3.9420608025627217,1,0
0,0,1.877729542255965,0,0
0,1,0.5813621363098074,0,0
1,1,2.1402848515187696,0,0
1,1,4.913822192939091,1,1
0,1,0.6461602302907483,0,1
0,1,2.318763502998134,1,0
0,1,3.51110387381181,0,0
0,0,1.8633732231762856,0,0
0,1,2.642459906385656,0,0
1,0,3.8721182549840742,0,1
0,0,2.4464340169718106,0,0
0,0,2.0304778126295413,0,0
0,0,2.2660400520635697,0,0
1,1,4.629162047067303,1,1
0,1,2.1034718143333455,1,0
1,1,2.6127405006987923,1,0
0,0,1.7026027046258054,1,0
0,0,4.35791590093052,0,0
1,1,2.4054271165953534,1,0
0,1,3.4800853097265647,0,0
1,1,3.210749411142139,1,0
1,0,5.050384942731671,1,1
0,1,2.2217770955315643,1,0
0,0,2.5186048010320836,1,0
1,1,4.565538547920966,0,0
0,0,2.757633181350742,0,1
0,0,2.123518453231932,0,0
0,0,2.2054598924922164,0,1
1,1,3.673779739907217,0,0
0,0,4.591401480095662,0,0
0,0,3.0174858808045473,0,0
1,1,3.3876267987769775,1,1
0,0,1.7722431703481565,0,0
0,0,2.9585734448051997,0,1
1,0,4.458915798674124,1,1
1,0,2.796085831593629,0,0
0,0,3.516087327262454,1,0
1,1,4.776313624110476,1,0
0,0,3.5331405708573214,0,0
1,1,5.832442143658597,1,0
0,1,2.411818528131242,0,0
0,1,1.6962129321390926,0,0
0,0,3.5573225132576445,0,0
0,1,2.8346677570815704,0,0
0,0,2.9152150562959043,0,0
0,0,3.273744542564867,0,0
1,1,3.893074123061794,1,0
1,1,5.384150011334012,1,0
1,1,5.285787743168967,1,1
0,0,2.7797371166772535,0,1
1,1,3.225317151728718,1,0
0,0,2.9125914295129207,0,0
1,1,2.3531541183291242,1,0
1,0,5.7816859393773905,1,0
0,0,3.8978172774105078,0,1
0,0,1.9824556920849414,0,0
1,0,5.858068215262608,1,1
1,1,3.787103220934833,1,0
1,1,5.894492369899888,1,0
1,1,6.364525299910192,1,0
1,1,3.786100942255171,1,0
1,1,2.4880364301860056,1,0
1,1,5.2867248384586,1,0
1,1,5.782632359631666,1,0
0,0,3.7890875996644144,0,0
1,1,4.041242552997745,1,0
1,1,5.130962870969622,1,0
0,0,1.8697653844897841,0,0
0,0,4.10499196924326,0,0
1,1,3.295118480981989,1,0
0,1,1.8119760506330256,1,0
1,0,6.30154244625301,1,1
0,0,4.269217526608815,0,1
0,0,2.8539248415128133,0,1
0,0,2.3617865700476126,1,0
1,0,5.140254757739668,1,1
0,0,2.113499231539291,1,0
1,1,5.212727147166552,1,0
0,0,2.330285793833319,0,0
0,0,1.9903895223975758,0,1
0,0,3.876720544006393,1,0
1,1,4.358057309645796,0,0
0,1,1.396112724836367,1,0
1,0,4.461707246510766,1,0
0,1,1.7839597347831255,1,0
0,0,2.0964452454124007,0,0
0,0,3.1760351306494985,0,1
0,0,2.7986290718592364,0,1
0,1,0.35978353601304636,0,0
0,0,2.583778825416269,0,1
0,0,4.427700701690714,0,1
0,1,1.0708278716331263,0,0
0,0,2.4085120783029548,0,0
0,0,2.598925847896488,0,0
0,0,2.892282016769798,0,0
1,1,2.6188971813478883,0,0
1,1,3.2150523095482217,0,0
0,0,2.80802795097694,1,1
0,0,3.6200974075983363,0,0
1,1,4.504305123009438,1,0
0,1,2.2442476414283195,1,0
1,1,4.249274025419206,1,0
1,0,4.029042674905791,1,0
0,0,1.081517902494873,0,0
0,0,1.5862169607789942,0,0
0,1,2.3541815663527945,0,0
0,0,3.4740743527320204,0,1
0,0,2.021053014501462,1,1
1,0,6.672835263898706,0,1
0,1,3.6388894385218578,0,0
0,0,2.135996065626283,0,1
1,0,5.092199818082774,1,0
0,0,4.075823465823068,0,1
0,1,3.491269933857785,0,0
0,0,3.226978781229621,1,1
0,0,2.516513251967148,0,0
0,0,3.584294792763969,1,1
1,1,4.510610541220913,0,0
1,0,6.723431627275983,1,1
1,1,4.769609351124247,1,0
1,0,5.49932439637972,1,1
1,1,3.963737217102194,0,0
0,0,3.5376858185790523,0,1
1,1,1.841737250178757,0,0
0,1,2.265755767305974,1,0
1,0,5.645842155735359,1,1
0,0,1.3978551177571927,0,0
